{"cameraMode":{"drawMode":0,"name":"Shaded","section":"Shading Mode"},"sceneLighting":false,"audioPlay":false,"sceneViewState":{"showFog":true,"showMaterialUpdate":false,"showSkybox":false,"showFlares":true,"showImageEffects":true,"showParticleSystems":true},"in2DMode":false,"pivot":{"x":13.365501403808594,"y":-0.24252820014953614,"z":12.14316177368164},"rotation":{"x":-0.026349322870373727,"y":-0.9314441680908203,"z":0.06887467205524445,"w":-0.35634535551071169},"size":9.022775650024414,"orthographic":false}