{"cameraMode":{"drawMode":0,"name":"Shaded","section":"Shading Mode"},"sceneLighting":true,"audioPlay":false,"sceneViewState":{"showFog":true,"showMaterialUpdate":false,"showSkybox":true,"showFlares":true,"showImageEffects":true,"showParticleSystems":true},"in2DMode":false,"pivot":{"x":4.599999904632568,"y":2.4709999561309816,"z":22.5},"rotation":{"x":0.26642435789108279,"y":-0.281434565782547,"z":0.08146899938583374,"w":0.9183461666107178},"size":0.7071067690849304,"orthographic":true}