{"cameraMode":{"drawMode":0,"name":"Shaded","section":"Shading Mode"},"sceneLighting":false,"audioPlay":false,"sceneViewState":{"showFog":true,"showMaterialUpdate":false,"showSkybox":false,"showFlares":true,"showImageEffects":true,"showParticleSystems":true},"in2DMode":false,"pivot":{"x":-37.36000061035156,"y":1.0499999523162842,"z":-21.0},"rotation":{"x":-0.28157246112823489,"y":0.09280240535736084,"z":-0.02740744687616825,"w":-0.9546836018562317},"size":2.4088380336761476,"orthographic":true}