{"cameraMode":{"drawMode":0,"name":"Shaded","section":"Shading Mode"},"sceneLighting":false,"audioPlay":false,"sceneViewState":{"showFog":true,"showMaterialUpdate":false,"showSkybox":false,"showFlares":true,"showImageEffects":true,"showParticleSystems":true},"in2DMode":false,"pivot":{"x":-48.400001525878909,"y":1.0999999046325684,"z":-5.820000171661377},"rotation":{"x":0.2643323838710785,"y":0.497077077627182,"z":-0.16220201551914216,"w":0.8104669451713562},"size":2.4494898319244386,"orthographic":true}