{"cameraMode":{"drawMode":0,"name":"Shaded","section":"Shading Mode"},"sceneLighting":false,"audioPlay":false,"sceneViewState":{"showFog":false,"showMaterialUpdate":false,"showSkybox":false,"showFlares":false,"showImageEffects":true,"showParticleSystems":true},"in2DMode":false,"pivot":{"x":-51.06999969482422,"y":2.385999917984009,"z":11.300000190734864},"rotation":{"x":0.07462171465158463,"y":0.17704865336418153,"z":-0.013467193581163884,"w":0.9813034534454346},"size":3.845816135406494,"orthographic":true}