{"cameraMode":{"drawMode":0,"name":"Shaded","section":"Shading Mode"},"sceneLighting":false,"audioPlay":false,"sceneViewState":{"showFog":false,"showMaterialUpdate":false,"showSkybox":false,"showFlares":false,"showImageEffects":true,"showParticleSystems":true},"in2DMode":false,"pivot":{"x":-0.178466796875,"y":0.165283203125,"z":-4.298095703125},"rotation":{"x":-0.08389950543642044,"y":0.003922923468053341,"z":-0.0003463593020569533,"w":-0.9965600967407227},"size":1.831656575202942,"orthographic":true}