{"cameraMode":{"drawMode":0,"name":"Shaded","section":"Shading Mode"},"sceneLighting":false,"audioPlay":false,"sceneViewState":{"showFog":false,"showMaterialUpdate":false,"showSkybox":false,"showFlares":false,"showImageEffects":true,"showParticleSystems":true},"in2DMode":false,"pivot":{"x":0.12340590357780457,"y":1.285622239112854,"z":0.8684532046318054},"rotation":{"x":-0.271896630525589,"y":0.40379875898361208,"z":-0.12704072892665864,"w":-0.8642225861549377},"size":7.294053077697754,"orthographic":false}