{"cameraMode":{"drawMode":0,"name":"Shaded","section":"Shading Mode"},"sceneLighting":true,"audioPlay":false,"sceneViewState":{"showFog":false,"showMaterialUpdate":true,"showSkybox":true,"showFlares":true,"showImageEffects":true,"showParticleSystems":true},"in2DMode":false,"pivot":{"x":99.91764831542969,"y":-106.31944274902344,"z":202.4603729248047},"rotation":{"x":-0.2379080057144165,"y":-0.17910975217819215,"z":0.04475009813904762,"w":-0.9536242485046387},"size":166.7478790283203,"orthographic":false}