{"cameraMode":{"drawMode":0,"name":"Shaded","section":"Shading Mode"},"sceneLighting":false,"audioPlay":false,"sceneViewState":{"showFog":false,"showMaterialUpdate":false,"showSkybox":false,"showFlares":false,"showImageEffects":true,"showParticleSystems":true},"in2DMode":false,"pivot":{"x":1.14306640625,"y":4.3193359375,"z":-10.75537109375},"rotation":{"x":-0.003140499582514167,"y":0.9917104840278626,"z":-0.1265249103307724,"w":-0.024373477324843408},"size":4.5576677322387699,"orthographic":true}