{"cameraMode":{"drawMode":0,"name":"Shaded","section":"Shading Mode"},"sceneLighting":false,"audioPlay":false,"sceneViewState":{"showFog":false,"showMaterialUpdate":false,"showSkybox":false,"showFlares":false,"showImageEffects":true,"showParticleSystems":true},"in2DMode":false,"pivot":{"x":3.52593994140625,"y":2.162841796875,"z":1.001953125},"rotation":{"x":0.23514685034751893,"y":0.45152416825294497,"z":-0.12467208504676819,"w":0.8516429662704468},"size":4.7334442138671879,"orthographic":true}