{"cameraMode":{"drawMode":0,"name":"Shaded","section":"Shading Mode"},"sceneLighting":false,"audioPlay":false,"sceneViewState":{"showFog":false,"showMaterialUpdate":false,"showSkybox":false,"showFlares":false,"showImageEffects":true,"showParticleSystems":true},"in2DMode":false,"pivot":{"x":3.600341796875,"y":0.85272216796875,"z":-13.425537109375},"rotation":{"x":0.0007195332436822355,"y":-0.9971562027931213,"z":0.07582756876945496,"w":0.008961481042206288},"size":1.9405380487442017,"orthographic":true}