{"cameraMode":{"drawMode":0,"name":"Shaded","section":"Shading Mode"},"sceneLighting":false,"audioPlay":false,"sceneViewState":{"showFog":false,"showMaterialUpdate":true,"showSkybox":false,"showFlares":true,"showImageEffects":true,"showParticleSystems":true},"in2DMode":false,"pivot":{"x":0.29773712158203127,"y":4.391010284423828,"z":0.026884078979492189},"rotation":{"x":-0.3343924283981323,"y":0.16423246264457704,"z":-0.05930265784263611,"w":-0.9261247515678406},"size":14.283600807189942,"orthographic":false}