{"cameraMode":{"drawMode":0,"name":"Shaded","section":"Shading Mode"},"sceneLighting":false,"audioPlay":false,"sceneViewState":{"showFog":false,"showMaterialUpdate":true,"showSkybox":false,"showFlares":true,"showImageEffects":true,"showParticleSystems":true},"in2DMode":false,"pivot":{"x":0.0,"y":4.642434597015381,"z":0.000010639429092407227},"rotation":{"x":0.35502949357032778,"y":0.08450162410736084,"z":-0.03228902071714401,"w":0.9305077791213989},"size":5.206210136413574,"orthographic":false}