{"cameraMode":{"drawMode":0,"name":"Shaded","section":"Shading Mode"},"sceneLighting":false,"audioPlay":false,"sceneViewState":{"showFog":false,"showMaterialUpdate":false,"showSkybox":false,"showFlares":false,"showImageEffects":true,"showParticleSystems":true},"in2DMode":false,"pivot":{"x":11.212854385375977,"y":0.0,"z":19.670265197753908},"rotation":{"x":0.1881496012210846,"y":0.6557620763778687,"z":-0.17363247275352479,"w":0.7102813720703125},"size":22.702688217163087,"orthographic":true}