{"cameraMode":{"drawMode":0,"name":"Shaded","section":"Shading Mode"},"sceneLighting":false,"audioPlay":false,"sceneViewState":{"showFog":false,"showMaterialUpdate":true,"showSkybox":false,"showFlares":true,"showImageEffects":true,"showParticleSystems":true},"in2DMode":false,"pivot":{"x":2.2305357456207277,"y":-20.058528900146486,"z":62.224205017089847},"rotation":{"x":-0.3499441146850586,"y":-0.13560962677001954,"z":0.051272306591272357,"w":-0.925491988658905},"size":3.743077039718628,"orthographic":false}