{"cameraMode":{"drawMode":0,"name":"Shaded","section":"Shading Mode"},"sceneLighting":true,"audioPlay":false,"sceneViewState":{"showFog":false,"showMaterialUpdate":true,"showSkybox":true,"showFlares":true,"showImageEffects":true,"showParticleSystems":true},"in2DMode":false,"pivot":{"x":100.05126190185547,"y":-166.1808624267578,"z":140.67446899414063},"rotation":{"x":-0.34840792417526247,"y":-0.253714382648468,"z":0.09861670434474945,"w":-0.8969959020614624},"size":128.75157165527345,"orthographic":false}