{"cameraMode":{"drawMode":0,"name":"Shaded","section":"Shading Mode"},"sceneLighting":false,"audioPlay":false,"sceneViewState":{"showFog":false,"showMaterialUpdate":false,"showSkybox":false,"showFlares":false,"showImageEffects":true,"showParticleSystems":true},"in2DMode":false,"pivot":{"x":-112.1259765625,"y":9.37744140625,"z":41.037109375},"rotation":{"x":-0.060096994042396548,"y":-0.8834145665168762,"z":0.11809927225112915,"w":-0.4495248794555664},"size":5.4871039390563969,"orthographic":true}