{"cameraMode":{"drawMode":0,"name":"Shaded","section":"Shading Mode"},"sceneLighting":true,"audioPlay":false,"sceneViewState":{"showFog":false,"showMaterialUpdate":true,"showSkybox":true,"showFlares":true,"showImageEffects":true,"showParticleSystems":true},"in2DMode":false,"pivot":{"x":0.7887840270996094,"y":-26.31423568725586,"z":20.576152801513673},"rotation":{"x":0.3128105103969574,"y":-0.464327871799469,"z":0.17956307530403138,"w":0.8088979721069336},"size":64.81173706054688,"orthographic":false}