{"cameraMode":{"drawMode":0,"name":"Shaded","section":"Shading Mode"},"sceneLighting":false,"audioPlay":false,"sceneViewState":{"showFog":false,"showMaterialUpdate":false,"showSkybox":false,"showFlares":false,"showImageEffects":true,"showParticleSystems":true},"in2DMode":false,"pivot":{"x":-17.8799991607666,"y":2.5349998474121095,"z":5.800000190734863},"rotation":{"x":0.1274777352809906,"y":0.1760636568069458,"z":-0.02299431338906288,"w":0.975836992263794},"size":7.508370399475098,"orthographic":true}