{"cameraMode":{"drawMode":0,"name":"Shaded","section":"Shading Mode"},"sceneLighting":false,"audioPlay":false,"sceneViewState":{"showFog":false,"showMaterialUpdate":true,"showSkybox":false,"showFlares":true,"showImageEffects":true,"showParticleSystems":true},"in2DMode":false,"pivot":{"x":10.249055862426758,"y":67.42098236083985,"z":-90.32159423828125},"rotation":{"x":-0.3343924283981323,"y":0.16423246264457704,"z":-0.05930265784263611,"w":-0.9261247515678406},"size":9.82578182220459,"orthographic":false}