{"cameraMode":{"drawMode":0,"name":"Shaded","section":"Shading Mode"},"sceneLighting":false,"audioPlay":false,"sceneViewState":{"showFog":false,"showMaterialUpdate":false,"showSkybox":false,"showFlares":false,"showImageEffects":true,"showParticleSystems":true},"in2DMode":false,"pivot":{"x":-19.91357421875,"y":0.63458251953125,"z":-5.39501953125},"rotation":{"x":0.1645699441432953,"y":0.8130480051040649,"z":-0.2751913070678711,"w":0.48602038621902468},"size":24.20525550842285,"orthographic":true}