{"cameraMode":{"drawMode":0,"name":"Shaded","section":"Shading Mode"},"sceneLighting":true,"audioPlay":false,"sceneViewState":{"showFog":false,"showMaterialUpdate":false,"showSkybox":false,"showFlares":false,"showImageEffects":true,"showParticleSystems":true},"in2DMode":false,"pivot":{"x":-17.251686096191408,"y":0.12108281999826431,"z":-3.816032648086548},"rotation":{"x":0.2192467749118805,"y":0.6357455849647522,"z":-0.19515638053417207,"w":0.7139644026756287},"size":10.449999809265137,"orthographic":true}