{"cameraMode":{"drawMode":0,"name":"Shaded","section":"Shading Mode"},"sceneLighting":true,"audioPlay":false,"sceneViewState":{"showFog":false,"showMaterialUpdate":false,"showSkybox":false,"showFlares":false,"showImageEffects":true,"showParticleSystems":true},"in2DMode":false,"pivot":{"x":-13.2103271484375,"y":1.575927734375,"z":-40.89892578125},"rotation":{"x":0.1783474236726761,"y":-0.032466545701026919,"z":0.005885968916118145,"w":0.9834503531455994},"size":2.352574110031128,"orthographic":true}