{"cameraMode":{"drawMode":0,"name":"Shaded","section":"Shading Mode"},"sceneLighting":false,"audioPlay":false,"sceneViewState":{"showFog":false,"showMaterialUpdate":false,"showSkybox":false,"showFlares":false,"showImageEffects":true,"showParticleSystems":true},"in2DMode":false,"pivot":{"x":-37.36000061035156,"y":1.0499999523162842,"z":-21.0},"rotation":{"x":0.47638821601867678,"y":-0.42301565408706667,"z":0.2807256877422333,"w":0.7178502082824707},"size":2.4088380336761476,"orthographic":true}