{"cameraMode":{"drawMode":0,"name":"Shaded","section":"Shading Mode"},"sceneLighting":false,"audioPlay":false,"sceneViewState":{"showFog":false,"showMaterialUpdate":false,"showSkybox":false,"showFlares":false,"showImageEffects":true,"showParticleSystems":true},"in2DMode":false,"pivot":{"x":0.0,"y":8.042499542236329,"z":0.021375656127929689},"rotation":{"x":0.23514685034751893,"y":0.45152416825294497,"z":-0.12467208504676819,"w":0.8516429662704468},"size":31.987890243530275,"orthographic":true}