{"cameraMode":{"drawMode":0,"name":"Shaded","section":"Shading Mode"},"sceneLighting":true,"audioPlay":false,"sceneViewState":{"showFog":false,"showMaterialUpdate":false,"showSkybox":false,"showFlares":false,"showImageEffects":true,"showParticleSystems":true},"in2DMode":false,"pivot":{"x":-43.334228515625,"y":13.298828125,"z":-15.50390625},"rotation":{"x":0.31145772337913515,"y":0.0612371563911438,"z":-0.020117398351430894,"w":0.9481065273284912},"size":35.28386688232422,"orthographic":true}