{"cameraMode":{"drawMode":0,"name":"Shaded","section":"Shading Mode"},"sceneLighting":true,"audioPlay":false,"sceneViewState":{"showFog":false,"showMaterialUpdate":true,"showSkybox":true,"showFlares":true,"showImageEffects":true,"showParticleSystems":true},"in2DMode":false,"pivot":{"x":8.963155746459961,"y":-17.215763092041017,"z":39.95905303955078},"rotation":{"x":-0.31361639499664309,"y":0.18529628217220307,"z":-0.06252777576446533,"w":-0.9292179346084595},"size":47.66136932373047,"orthographic":false}