{"cameraMode":{"drawMode":0,"name":"Shaded","section":"Shading Mode"},"sceneLighting":false,"audioPlay":false,"sceneViewState":{"showFog":false,"showMaterialUpdate":true,"showSkybox":false,"showFlares":true,"showImageEffects":true,"showParticleSystems":true},"in2DMode":false,"pivot":{"x":1.9483575820922852,"y":4.427107810974121,"z":-0.4661548137664795},"rotation":{"x":-0.3343924283981323,"y":0.16423246264457704,"z":-0.05930265784263611,"w":-0.9261247515678406},"size":14.700729370117188,"orthographic":false}