{"cameraMode":{"drawMode":0,"name":"Shaded","section":"Shading Mode"},"sceneLighting":false,"audioPlay":false,"sceneViewState":{"showFog":false,"showMaterialUpdate":false,"showSkybox":false,"showFlares":false,"showImageEffects":true,"showParticleSystems":true},"in2DMode":false,"pivot":{"x":2.44580078125,"y":0.864837646484375,"z":-13.117431640625},"rotation":{"x":-0.024393409490585328,"y":-0.6133161783218384,"z":0.018958497792482377,"w":-0.7892777919769287},"size":1.7876588106155396,"orthographic":true}