{"cameraMode":{"drawMode":0,"name":"Shaded","section":"Shading Mode"},"sceneLighting":false,"audioPlay":false,"sceneViewState":{"showFog":false,"showMaterialUpdate":true,"showSkybox":false,"showFlares":true,"showImageEffects":true,"showParticleSystems":true},"in2DMode":false,"pivot":{"x":5.559990882873535,"y":0.4960799217224121,"z":0.1666126251220703},"rotation":{"x":-0.2210080325603485,"y":0.4750232696533203,"z":-0.12457776069641113,"w":-0.8426327109336853},"size":7.479245185852051,"orthographic":false}