{"cameraMode":{"drawMode":0,"name":"Shaded","section":"Shading Mode"},"sceneLighting":false,"audioPlay":false,"sceneViewState":{"showFog":false,"showMaterialUpdate":true,"showSkybox":false,"showFlares":true,"showImageEffects":true,"showParticleSystems":true},"in2DMode":false,"pivot":{"x":10.355255126953125,"y":66.64166259765625,"z":-90.99076843261719},"rotation":{"x":-0.3343924283981323,"y":0.16423246264457704,"z":-0.05930265784263611,"w":-0.9261247515678406},"size":5.26146125793457,"orthographic":false}