{"cameraMode":{"drawMode":0,"name":"Shaded","section":"Shading Mode"},"sceneLighting":false,"audioPlay":false,"sceneViewState":{"showFog":false,"showMaterialUpdate":false,"showSkybox":false,"showFlares":false,"showImageEffects":true,"showParticleSystems":true},"in2DMode":false,"pivot":{"x":-0.7933478355407715,"y":1.285622239112854,"z":-2.5441479682922365},"rotation":{"x":-0.271896630525589,"y":0.40379875898361208,"z":-0.12704072892665864,"w":-0.8642225861549377},"size":7.9351630210876469,"orthographic":false}