{"cameraMode":{"drawMode":0,"name":"Shaded","section":"Shading Mode"},"sceneLighting":true,"audioPlay":false,"sceneViewState":{"showFog":false,"showMaterialUpdate":false,"showSkybox":false,"showFlares":false,"showImageEffects":true,"showParticleSystems":true},"in2DMode":false,"pivot":{"x":873.2432861328125,"y":-987.1533203125,"z":4284.89501953125},"rotation":{"x":-0.12596412003040315,"y":0.012496547773480416,"z":-0.0015867678448557854,"w":-0.9919555187225342},"size":3226.18017578125,"orthographic":false}