{"cameraMode":{"drawMode":0,"name":"Shaded","section":"Shading Mode"},"sceneLighting":true,"audioPlay":false,"sceneViewState":{"showFog":false,"showMaterialUpdate":false,"showSkybox":false,"showFlares":false,"showImageEffects":true,"showParticleSystems":true},"in2DMode":false,"pivot":{"x":-0.000054001808166503906,"y":1.5,"z":2.661125898361206},"rotation":{"x":0.3300012946128845,"y":0.548393726348877,"z":-0.2490157037973404,"w":0.7274829745292664},"size":36.496131896972659,"orthographic":true}