{"cameraMode":{"drawMode":0,"name":"Shaded","section":"Shading Mode"},"sceneLighting":false,"audioPlay":false,"sceneViewState":{"showFog":false,"showMaterialUpdate":false,"showSkybox":false,"showFlares":false,"showImageEffects":true,"showParticleSystems":true},"in2DMode":false,"pivot":{"x":2.30419921875,"y":1.7197265625,"z":-13.473876953125},"rotation":{"x":-0.07852106541395188,"y":0.08752626180648804,"z":-0.0068590049631893639,"w":-0.9930821061134338},"size":3.4253227710723879,"orthographic":true}