{"cameraMode":{"drawMode":0,"name":"Shaded","section":"Shading Mode"},"sceneLighting":true,"audioPlay":false,"sceneViewState":{"showFog":false,"showMaterialUpdate":false,"showSkybox":false,"showFlares":false,"showImageEffects":true,"showParticleSystems":true},"in2DMode":false,"pivot":{"x":-54.93239212036133,"y":4.37567138671875,"z":-4.468269348144531},"rotation":{"x":0.4705103039741516,"y":-0.24505962431430818,"z":0.13786062598228455,"w":0.8364527821540833},"size":22.7142276763916,"orthographic":true}