{"cameraMode":{"drawMode":0,"name":"Shaded","section":"Shading Mode"},"sceneLighting":false,"audioPlay":false,"sceneViewState":{"showFog":false,"showMaterialUpdate":true,"showSkybox":false,"showFlares":true,"showImageEffects":true,"showParticleSystems":true},"in2DMode":false,"pivot":{"x":0.027339696884155275,"y":0.0168839693069458,"z":0.04318860173225403},"rotation":{"x":-0.3499441146850586,"y":-0.13560962677001954,"z":0.051272306591272357,"w":-0.925491988658905},"size":1.6894845962524415,"orthographic":false}