{"cameraMode":{"drawMode":0,"name":"Shaded","section":"Shading Mode"},"sceneLighting":true,"audioPlay":false,"sceneViewState":{"showFog":false,"showMaterialUpdate":true,"showSkybox":true,"showFlares":true,"showImageEffects":true,"showParticleSystems":true},"in2DMode":false,"pivot":{"x":67.60275268554688,"y":-92.52196502685547,"z":195.208251953125},"rotation":{"x":-0.19895802438259126,"y":-0.1431557685136795,"z":0.029452063143253328,"w":-0.9690934419631958},"size":121.47134399414063,"orthographic":false}