{"cameraMode":{"drawMode":0,"name":"Shaded","section":"Shading Mode"},"sceneLighting":true,"audioPlay":false,"sceneViewState":{"showFog":false,"showMaterialUpdate":false,"showSkybox":false,"showFlares":false,"showImageEffects":true,"showParticleSystems":true},"in2DMode":false,"pivot":{"x":730.800048828125,"y":78.09999084472656,"z":0.0},"rotation":{"x":0.031683698296546939,"y":0.9682236313819885,"z":-0.16809499263763429,"w":0.18249328434467317},"size":487.4473876953125,"orthographic":true}