{"cameraMode":{"drawMode":0,"name":"Shaded","section":"Shading Mode"},"sceneLighting":false,"audioPlay":false,"sceneViewState":{"showFog":false,"showMaterialUpdate":false,"showSkybox":false,"showFlares":false,"showImageEffects":true,"showParticleSystems":true},"in2DMode":false,"pivot":{"x":-0.11285400390625,"y":-0.7881011962890625,"z":-1.7626953125},"rotation":{"x":0.03298332914710045,"y":0.01764710061252117,"z":-0.0005732453428208828,"w":0.9993948340415955},"size":2.2010881900787355,"orthographic":true}