{"cameraMode":{"drawMode":0,"name":"Shaded","section":"Shading Mode"},"sceneLighting":true,"audioPlay":false,"sceneViewState":{"showFog":false,"showMaterialUpdate":false,"showSkybox":false,"showFlares":false,"showImageEffects":true,"showParticleSystems":true},"in2DMode":false,"pivot":{"x":29.630001068115236,"y":2.870999813079834,"z":-28.5},"rotation":{"x":0.19387924671173097,"y":-0.559316098690033,"z":0.13651488721370698,"w":0.7943221926689148},"size":3.4406538009643556,"orthographic":true}