{"cameraMode":{"drawMode":0,"name":"Shaded","section":"Shading Mode"},"sceneLighting":false,"audioPlay":false,"sceneViewState":{"showFog":false,"showMaterialUpdate":false,"showSkybox":false,"showFlares":false,"showImageEffects":true,"showParticleSystems":true},"in2DMode":false,"pivot":{"x":-37.36000061035156,"y":1.0499999523162842,"z":12.800000190734864},"rotation":{"x":0.07462171465158463,"y":0.17704865336418153,"z":-0.013467193581163884,"w":0.9813034534454346},"size":2.4088380336761476,"orthographic":true}