{"cameraMode":{"drawMode":0,"name":"Shaded","section":"Shading Mode"},"sceneLighting":false,"audioPlay":false,"sceneViewState":{"showFog":false,"showMaterialUpdate":false,"showSkybox":false,"showFlares":false,"showImageEffects":true,"showParticleSystems":true},"in2DMode":false,"pivot":{"x":3.91455078125,"y":-0.7724609375,"z":333.7705078125},"rotation":{"x":0.16233043372631074,"y":0.3918694853782654,"z":-0.07045982033014298,"w":0.9028487205505371},"size":4.558922290802002,"orthographic":true}