{"cameraMode":{"drawMode":0,"name":"Shaded","section":"Shading Mode"},"sceneLighting":false,"audioPlay":false,"sceneViewState":{"showFog":false,"showMaterialUpdate":false,"showSkybox":false,"showFlares":false,"showImageEffects":true,"showParticleSystems":true},"in2DMode":false,"pivot":{"x":0.28438377380371096,"y":2.509765625,"z":-0.598876953125},"rotation":{"x":0.6486920714378357,"y":0.00684921583160758,"z":-0.005838328506797552,"w":0.7609989047050476},"size":2.9483087062835695,"orthographic":true}