{"cameraMode":{"drawMode":0,"name":"Shaded","section":"Shading Mode"},"sceneLighting":true,"audioPlay":false,"sceneViewState":{"showFog":false,"showMaterialUpdate":false,"showSkybox":false,"showFlares":false,"showImageEffects":true,"showParticleSystems":true},"in2DMode":false,"pivot":{"x":-51.06999969482422,"y":2.870999813079834,"z":11.300000190734864},"rotation":{"x":0.5853560566902161,"y":0.1121562123298645,"z":-0.08220168203115463,"w":0.7988033890724182},"size":3.7572813034057619,"orthographic":true}