{"cameraMode":{"drawMode":0,"name":"Shaded","section":"Shading Mode"},"sceneLighting":true,"audioPlay":false,"sceneViewState":{"showFog":false,"showMaterialUpdate":true,"showSkybox":true,"showFlares":true,"showImageEffects":true,"showParticleSystems":true},"in2DMode":false,"pivot":{"x":-16.181001663208009,"y":-4.042981147766113,"z":-22.715118408203126},"rotation":{"x":0.16431385278701783,"y":-0.7160241007804871,"z":0.17975006997585298,"w":0.6542741060256958},"size":19.15019416809082,"orthographic":false}