{"cameraMode":{"drawMode":0,"name":"Shaded","section":"Shading Mode"},"sceneLighting":false,"audioPlay":false,"sceneViewState":{"showFog":false,"showMaterialUpdate":false,"showSkybox":false,"showFlares":false,"showImageEffects":true,"showParticleSystems":true},"in2DMode":false,"pivot":{"x":0.0,"y":0.999500036239624,"z":0.9932500123977661},"rotation":{"x":-0.10755781829357147,"y":-0.4693840444087982,"z":0.05778360739350319,"w":-0.8745525479316711},"size":1.9360883235931397,"orthographic":true}