{"cameraMode":{"drawMode":0,"name":"Shaded","section":"Shading Mode"},"sceneLighting":false,"audioPlay":false,"sceneViewState":{"showFog":false,"showMaterialUpdate":false,"showSkybox":false,"showFlares":false,"showImageEffects":true,"showParticleSystems":true},"in2DMode":false,"pivot":{"x":-0.44747161865234377,"y":0.741762101650238,"z":-1.8000733852386475},"rotation":{"x":-0.11521753668785095,"y":0.5300769209861755,"z":-0.07297512143850327,"w":-0.8369123935699463},"size":1.3141429424285889,"orthographic":false}