{"cameraMode":{"drawMode":0,"name":"Shaded","section":"Shading Mode"},"sceneLighting":false,"audioPlay":false,"sceneViewState":{"showFog":false,"showMaterialUpdate":false,"showSkybox":false,"showFlares":false,"showImageEffects":true,"showParticleSystems":true},"in2DMode":false,"pivot":{"x":-1.0204243659973145,"y":2.9519309997558595,"z":0.517697811126709},"rotation":{"x":0.481812983751297,"y":-0.1611792892217636,"z":0.09066503494977951,"w":0.8565390706062317},"size":13.63382339477539,"orthographic":false}