{"cameraMode":{"drawMode":0,"name":"Shaded","section":"Shading Mode"},"sceneLighting":false,"audioPlay":false,"sceneViewState":{"showFog":false,"showMaterialUpdate":false,"showSkybox":false,"showFlares":false,"showImageEffects":true,"showParticleSystems":true},"in2DMode":false,"pivot":{"x":0.28359079360961916,"y":-0.0006697177886962891,"z":1.9898045063018799},"rotation":{"x":0.19145826995372773,"y":0.6417611837387085,"z":-0.16996528208255769,"w":0.7229154109954834},"size":2.667891025543213,"orthographic":false}