{"cameraMode":{"drawMode":0,"name":"Shaded","section":"Shading Mode"},"sceneLighting":false,"audioPlay":false,"sceneViewState":{"showFog":false,"showMaterialUpdate":false,"showSkybox":false,"showFlares":false,"showImageEffects":false,"showParticleSystems":false},"in2DMode":false,"pivot":{"x":-20.20135498046875,"y":4.994752883911133,"z":-0.197265625},"rotation":{"x":0.006810537539422512,"y":-0.21290265023708344,"z":0.0011392236920073629,"w":0.9771926403045654},"size":0.7485993504524231,"orthographic":true}