{"cameraMode":{"drawMode":0,"name":"Shaded","section":"Shading Mode"},"sceneLighting":false,"audioPlay":false,"sceneViewState":{"showFog":false,"showMaterialUpdate":false,"showSkybox":false,"showFlares":false,"showImageEffects":true,"showParticleSystems":true},"in2DMode":false,"pivot":{"x":-0.4922049045562744,"y":1.3286445140838624,"z":1.6105051040649415},"rotation":{"x":-0.1200517937541008,"y":-0.4700736999511719,"z":0.06471489369869232,"w":-0.8720295429229736},"size":1.4253358840942383,"orthographic":false}