{"cameraMode":{"drawMode":0,"name":"Shaded","section":"Shading Mode"},"sceneLighting":false,"audioPlay":false,"sceneViewState":{"showFog":false,"showMaterialUpdate":false,"showSkybox":false,"showFlares":false,"showImageEffects":true,"showParticleSystems":true},"in2DMode":false,"pivot":{"x":-9.744174003601075,"y":1.5594978332519532,"z":5.521858215332031},"rotation":{"x":0.22681649029254914,"y":-0.15697497129440309,"z":0.037068940699100497,"w":0.9604896306991577},"size":11.31750774383545,"orthographic":false}