{"cameraMode":{"drawMode":0,"name":"Shaded","section":"Shading Mode"},"sceneLighting":false,"audioPlay":false,"sceneViewState":{"showFog":false,"showMaterialUpdate":false,"showSkybox":false,"showFlares":false,"showImageEffects":false,"showParticleSystems":false},"in2DMode":false,"pivot":{"x":17.56999969482422,"y":16.139999389648439,"z":-1.1920928955078126e-7},"rotation":{"x":0.017396947368979455,"y":0.001481994055211544,"z":-0.0007320481236092746,"w":1.0000128746032715},"size":1.2247449159622193,"orthographic":true}