{"cameraMode":{"drawMode":0,"name":"Shaded","section":"Shading Mode"},"sceneLighting":false,"audioPlay":false,"sceneViewState":{"showFog":false,"showMaterialUpdate":false,"showSkybox":false,"showFlares":false,"showImageEffects":false,"showParticleSystems":false},"in2DMode":false,"pivot":{"x":10.479999542236329,"y":0.5,"z":-0.0000013262033462524415},"rotation":{"x":-0.06079009920358658,"y":0.05180222541093826,"z":-0.003013396169990301,"w":-0.9968695640563965},"size":7.366455554962158,"orthographic":true}