{"cameraMode":{"drawMode":0,"name":"Shaded","section":"Shading Mode"},"sceneLighting":false,"audioPlay":false,"sceneViewState":{"showFog":false,"showMaterialUpdate":false,"showSkybox":false,"showFlares":false,"showImageEffects":true,"showParticleSystems":true},"in2DMode":false,"pivot":{"x":-2.365424633026123,"y":2.9519309997558595,"z":1.017697811126709},"rotation":{"x":0.5801381468772888,"y":1.2537213489594024e-9,"z":-1.4126053660135086e-9,"w":0.8145182728767395},"size":13.954631805419922,"orthographic":false}