{"cameraMode":{"drawMode":0,"name":"Shaded","section":"Shading Mode"},"sceneLighting":false,"audioPlay":false,"sceneViewState":{"showFog":false,"showMaterialUpdate":false,"showSkybox":false,"showFlares":false,"showImageEffects":true,"showParticleSystems":true},"in2DMode":false,"pivot":{"x":-0.5004674792289734,"y":-0.5029635429382324,"z":-0.744269847869873},"rotation":{"x":0.34461477398872378,"y":0.018304219469428064,"z":-0.00672080647200346,"w":0.9385433197021484},"size":2.644948720932007,"orthographic":false}