{"cameraMode":{"drawMode":0,"name":"Shaded","section":"Shading Mode"},"sceneLighting":false,"audioPlay":false,"sceneViewState":{"showFog":false,"showMaterialUpdate":false,"showSkybox":false,"showFlares":false,"showImageEffects":true,"showParticleSystems":true},"in2DMode":false,"pivot":{"x":544.6795043945313,"y":69.30075073242188,"z":596.405517578125},"rotation":{"x":-0.24246074259281159,"y":-0.10251490026712418,"z":0.02577378787100315,"w":-0.964385986328125},"size":283.63690185546877,"orthographic":false}