{"cameraMode":{"drawMode":0,"name":"Shaded","section":"Shading Mode"},"sceneLighting":false,"audioPlay":false,"sceneViewState":{"showFog":false,"showMaterialUpdate":false,"showSkybox":false,"showFlares":false,"showImageEffects":true,"showParticleSystems":true},"in2DMode":false,"pivot":{"x":2.0403425693511965,"y":-0.23316848278045655,"z":-1.6703314781188965},"rotation":{"x":-0.0740317776799202,"y":-0.7976970076560974,"z":0.10008064657449722,"w":-0.5900765061378479},"size":3.8964293003082277,"orthographic":false}