{"cameraMode":{"drawMode":0,"name":"Shaded","section":"Shading Mode"},"sceneLighting":false,"audioPlay":false,"sceneViewState":{"showFog":false,"showMaterialUpdate":false,"showSkybox":false,"showFlares":false,"showImageEffects":true,"showParticleSystems":true},"in2DMode":false,"pivot":{"x":-0.9952327013015747,"y":-1.9292654991149903,"z":4.17325496673584},"rotation":{"x":0.45128321647644045,"y":0.08277993649244309,"z":-0.042090367525815967,"w":0.8875367045402527},"size":6.067683696746826,"orthographic":false}